policyholder_id,event_time,event_type,action,fraud_phase,variant,amount,provider,multi_insurer
P080697,2025-01-01 09:05:28,register,提交投保申请,,,,,
P037633,2025-01-01 13:04:44,register,提交投保申请,,,,,
P034190,2025-01-01 16:51:58,register,提交投保申请,,,,,
P009791,2025-01-03 11:32:52,register,提交投保申请,,,,,
P061832,2025-01-05 14:19:38,register,提交投保申请,,,,,
P034190,2025-01-05 16:51:58,premium_pay,缴纳保费 12375 元,,,12375,,
P037393,2025-01-07 09:03:32,register,提交投保申请,,,,,
P080697,2025-01-07 09:05:28,premium_pay,缴纳保费 2393 元,,,2393,,
P009791,2025-01-07 11:32:52,premium_pay,缴纳保费 16214 元,,,16214,,
P075245,2025-01-07 17:32:50,register,提交投保申请,,,,,
P001619,2025-01-08 11:26:05,register,提交投保申请,,,,,
P061832,2025-01-08 14:19:38,policy_issue,保单签发（健康险，保额 512040 元）,,,,,
P048335,2025-01-08 16:15:01,register,提交投保申请,,,,,
P060036,2025-01-08 20:47:16,register,提交投保申请,,,,,
P037393,2025-01-09 09:03:32,premium_pay,缴纳保费 8667 元,,,8667,,
P009791,2025-01-09 11:32:52,policy_issue,保单签发（寿险，保额 1033947 元）,,,,,
P037633,2025-01-09 13:04:44,premium_pay,缴纳保费 4887 元,,,4887,,
P037393,2025-01-10 09:03:32,policy_issue,保单签发（车险，保额 1409053 元）,,,,,
P080697,2025-01-10 09:05:28,policy_issue,保单签发（家财险，保额 256962 元）,,,,,
P059993,2025-01-10 13:29:46,register,投保申请（车险）,,,,,
P006657,2025-01-11 08:51:25,claim_report,出险报案,,,,,
P060036,2025-01-11 20:47:16,premium_pay,缴纳保费 4578 元,,,4578,,
P064202,2025-01-12 00:38:57,register,提交投保申请,,,,,
P006657,2025-01-12 08:51:25,medical_visit,就诊检查,,,,康宁诊所,
P075245,2025-01-12 17:32:50,policy_issue,保单签发（寿险，保额 1615188 元）,,,,,
P053150,2025-01-13 06:26:37,register,提交投保申请,,,,,
P035176,2025-01-13 07:55:05,register,提交投保申请,,,,,
P037633,2025-01-13 13:04:44,policy_issue,保单签发（健康险，保额 671025 元）,,,,,
P059993,2025-01-13 13:29:46,policy_issue,保单签发,,,,,
P053150,2025-01-14 06:26:37,premium_pay,缴纳保费 3241 元,,,3241,,
P061832,2025-01-14 14:19:38,premium_pay,缴纳保费 3517 元,,,3517,,
P076707,2025-01-14 14:24:50,register,提交投保申请,,,,,
P048335,2025-01-14 16:15:01,policy_issue,保单签发（健康险，保额 262309 元）,,,,,
P022969,2025-01-14 17:16:30,complaint,投诉理赔进度缓慢,,,,,
P095604,2025-01-15 10:27:47,register,提交投保申请,,,,,
P098201,2025-01-15 12:43:36,register,提交投保申请,,,,,
P034190,2025-01-15 16:51:58,policy_issue,保单签发（寿险，保额 485902 元）,,,,,
P075245,2025-01-15 17:32:50,premium_pay,缴纳保费 17574 元,,,17574,,
P053150,2025-01-17 06:26:37,policy_issue,保单签发（车险，保额 656486 元）,,,,,
P095604,2025-01-17 10:27:47,premium_pay,缴纳保费 978 元,,,978,,
P011643,2025-01-17 17:36:57,register,提交投保申请,,,,,
P012149,2025-01-18 06:45:11,register,提交投保申请,,,,,
P035176,2025-01-18 07:55:05,premium_pay,缴纳保费 583 元,,,583,,
P001619,2025-01-18 11:26:05,premium_pay,缴纳保费 17093 元,,,17093,,
P076707,2025-01-18 14:24:50,premium_pay,缴纳保费 2159 元,,,2159,,
P048335,2025-01-18 16:15:01,premium_pay,缴纳保费 5639 元,,,5639,,
P064202,2025-01-19 00:38:57,premium_pay,缴纳保费 4770 元,,,4770,,
P084839,2025-01-19 17:44:14,register,提交投保申请,,,,,
P064202,2025-01-20 00:38:57,policy_issue,保单签发（健康险，保额 346948 元）,,,,,
P095604,2025-01-20 10:27:47,policy_issue,保单签发（家财险，保额 108097 元）,,,,,
P000080,2025-01-20 14:26:17,register,提交投保申请,,,,,
P025390,2025-01-21 03:15:22,register,提交投保申请,,,,,
P000080,2025-01-21 14:26:17,premium_pay,缴纳保费 3323 元,,,3323,,
P037607,2025-01-21 16:50:35,register,提交投保申请,,,,,
P001619,2025-01-22 11:26:05,policy_issue,保单签发（寿险，保额 467670 元）,,,,,
P094746,2025-01-22 17:40:31,register,提交投保申请,,,,,
P037607,2025-01-23 16:50:35,premium_pay,缴纳保费 8405 元,,,8405,,
P012907,2025-01-23 17:20:21,register,提交投保申请,,,,,
P084839,2025-01-23 17:44:14,premium_pay,缴纳保费 18607 元,,,18607,,
P060036,2025-01-23 20:47:16,policy_issue,保单签发（车险，保额 965687 元）,,,,,
P012149,2025-01-24 06:45:11,policy_issue,保单签发（寿险，保额 1042884 元）,,,,,
P006657,2025-01-24 08:51:25,claim_submit,提交理赔材料,,,,,
P098201,2025-01-24 12:43:36,premium_pay,缴纳保费 4757 元,,,4757,,
P008197,2025-01-25 00:39:01,register,提交投保申请,,,,,
P085206,2025-01-25 12:57:01,register,提交投保申请,,,,,
P008197,2025-01-26 00:39:01,premium_pay,缴纳保费 2791 元,,,2791,,
P035176,2025-01-26 07:55:05,policy_issue,保单签发（意外险，保额 352551 元）,,,,,
P067591,2025-01-26 10:10:42,register,提交投保申请,,,,,
P006657,2025-01-26 14:41:13,register,提交投保申请,,,,,
P066552,2025-01-26 16:56:43,register,提交投保申请,,,,,
P093907,2025-01-26 18:09:11,register,提交投保申请,,,,,
P043699,2025-01-27 02:11:56,register,提交投保申请,,,,,
P012149,2025-01-27 06:45:11,premium_pay,缴纳保费 9107 元,,,9107,,
P085206,2025-01-27 12:57:01,policy_issue,保单签发（车险，保额 642698 元）,,,,,
P066552,2025-01-27 16:56:43,premium_pay,缴纳保费 5841 元,,,5841,,
P011643,2025-01-27 17:36:57,premium_pay,缴纳保费 2789 元,,,2789,,
P025390,2025-01-28 03:15:22,policy_issue,保单签发（健康险，保额 316555 元）,,,,,
P021741,2025-01-28 13:32:50,register,提交投保申请,,,,,
P006657,2025-01-28 14:41:13,policy_issue,保单签发（健康险，保额 716606 元）,,,,,
P094746,2025-01-28 17:40:31,premium_pay,缴纳保费 5419 元,,,5419,,
P025390,2025-01-29 03:15:22,premium_pay,缴纳保费 2972 元,,,2972,,
P098201,2025-01-29 12:43:36,policy_issue,保单签发（健康险，保额 792474 元）,,,,,
P076707,2025-01-29 14:24:50,policy_issue,保单签发（健康险，保额 491070 元）,,,,,
P085206,2025-01-30 12:57:01,premium_pay,缴纳保费 4402 元,,,4402,,
P067591,2025-01-31 10:10:42,policy_issue,保单签发（家财险，保额 107829 元）,,,,,
P011643,2025-01-31 17:36:57,policy_issue,保单签发（车险，保额 473267 元）,,,,,
P084839,2025-01-31 17:44:14,policy_issue,保单签发（寿险，保额 1602061 元）,,,,,
P093907,2025-01-31 18:09:11,premium_pay,缴纳保费 1004 元,,,1004,,
P043699,2025-02-01 02:11:56,premium_pay,缴纳保费 8083 元,,,8083,,
P066552,2025-02-01 16:56:43,policy_issue,保单签发（健康险，保额 368659 元）,,,,,
P000080,2025-02-02 14:26:17,policy_issue,保单签发（车险，保额 707094 元）,,,,,
P088980,2025-02-02 15:48:25,register,提交投保申请,,,,,
P012907,2025-02-02 17:20:21,premium_pay,缴纳保费 805 元,,,805,,
P094746,2025-02-02 17:40:31,policy_issue,保单签发（健康险，保额 148301 元）,,,,,
P008197,2025-02-03 00:39:01,policy_issue,保单签发（健康险，保额 538726 元）,,,,,
P006657,2025-02-03 08:51:25,claim_pay,赔付 4124 元,,,4124,,
P067591,2025-02-03 10:10:42,premium_pay,缴纳保费 1915 元,,,1915,,
P021741,2025-02-03 13:32:50,premium_pay,缴纳保费 4903 元,,,4903,,
P037607,2025-02-03 16:50:35,policy_issue,保单签发（车险，保额 309630 元）,,,,,
P037607,2025-02-04 11:09:44,register,投保申请（车险）,,,,,
P006657,2025-02-05 14:41:13,premium_pay,缴纳保费 1390 元,,,1390,,
P037607,2025-02-06 11:09:44,premium_pay,缴纳保费,,,8405,,
P043699,2025-02-07 02:11:56,policy_issue,保单签发（车险，保额 602448 元）,,,,,
P037607,2025-02-07 11:09:44,policy_issue,保单签发,,,,,
P012907,2025-02-07 17:20:21,policy_issue,保单签发（家财险，保额 139194 元）,,,,,
P088980,2025-02-09 15:48:25,premium_pay,缴纳保费 14467 元,,,14467,,
P088980,2025-02-09 15:48:25,policy_issue,保单签发（寿险，保额 665507 元）,,,,,
P093907,2025-02-09 18:09:11,policy_issue,保单签发（意外险，保额 603098 元）,,,,,
P004162,2025-02-10 10:38:58,policy_change,变更联系地址,,,,,
P021741,2025-02-11 13:32:50,policy_issue,保单签发（车险，保额 426901 元）,,,,,
P025015,2025-02-13 00:53:02,register,提交投保申请,,,,,
P046067,2025-02-13 14:38:35,claim_report,出险报案,,,,,
P017874,2025-02-14 07:09:18,register,提交投保申请,,,,,
P046067,2025-02-15 14:38:35,repair_visit,车辆维修,,,,通达维修站,
P015905,2025-02-15 16:54:28,register,提交投保申请,,,,,
P025015,2025-02-17 00:53:02,premium_pay,缴纳保费 4225 元,,,4225,,
P015905,2025-02-17 16:54:28,premium_pay,缴纳保费 5097 元,,,5097,,
P090938,2025-02-18 11:52:40,register,提交投保申请,,,,,
P090938,2025-02-19 11:52:40,premium_pay,缴纳保费 1000 元,,,1000,,
P025015,2025-02-20 00:53:02,policy_issue,保单签发（车险，保额 1147738 元）,,,,,
P046067,2025-02-21 14:38:35,claim_submit,提交理赔材料,,,,,
P017874,2025-02-22 07:09:18,policy_issue,保单签发（家财险，保额 271208 元）,,,,,
P017874,2025-02-24 07:09:18,premium_pay,缴纳保费 1452 元,,,1452,,
P046067,2025-02-24 14:38:35,claim_pay,赔付 14106 元,,,14106,,
P037607,2025-02-24 14:58:44,claim_report,出险报案（建设路口变道刮碰，对方全责）·第1次,stage,evasive,,,
P015905,2025-02-26 16:54:28,policy_issue,保单签发（健康险，保额 735143 元）,,,,,
P021740,2025-02-27 10:25:03,claim_report,出险报案,,,,,
P037607,2025-02-27 14:58:44,repair_visit,车辆定损维修（小额快赔）,stage,evasive,,瑞丰汽修,
P054252,2025-02-28 08:33:35,register,提交投保申请,,,,,
P021740,2025-03-02 10:25:03,medical_visit,就诊检查,,,,仁心堂,
P090938,2025-03-03 11:52:40,policy_issue,保单签发（健康险，保额 409383 元）,,,,,
P037607,2025-03-04 14:58:44,claim_submit,提交理赔：车衣损失 4777 元（虚报高价车衣）,inflate,evasive,4777,,
P054252,2025-03-08 08:33:35,premium_pay,缴纳保费 6815 元,,,6815,,
P037607,2025-03-08 14:58:44,claim_pay,快赔赔付 4777 元,cashout,evasive,4777,,
P054252,2025-03-11 08:33:35,policy_issue,保单签发（车险，保额 898413 元）,,,,,
P021740,2025-03-11 10:25:03,claim_submit,提交理赔材料,,,,,
P021740,2025-03-16 10:25:03,claim_pay,赔付 18990 元,,,18990,,
P042401,2025-03-19 12:00:53,register,提交投保申请,,,,,
P042401,2025-03-21 12:00:53,policy_issue,保单签发（家财险，保额 241879 元）,,,,,
P056730,2025-03-21 20:19:32,register,提交投保申请,,,,,
P072458,2025-03-22 13:39:41,register,提交投保申请,,,,,
P011643,2025-03-22 16:38:27,register,投保申请（健康险/意外险）,,,,,
P042401,2025-03-23 12:00:53,premium_pay,缴纳保费 635 元,,,635,,
P011643,2025-03-24 16:38:27,premium_pay,缴纳保费,,,2789,,
P056730,2025-03-24 20:19:32,policy_issue,保单签发（健康险，保额 475353 元）,,,,,
P037886,2025-03-25 13:37:01,register,提交投保申请,,,,,
P011643,2025-03-25 16:38:27,policy_issue,保单签发,,,,,
P056730,2025-03-29 20:19:32,premium_pay,缴纳保费 845 元,,,845,,
P072458,2025-03-31 13:39:41,premium_pay,缴纳保费 455 元,,,455,,
P072458,2025-04-01 13:39:41,policy_issue,保单签发（意外险，保额 919243 元）,,,,,
P037886,2025-04-02 13:37:01,premium_pay,缴纳保费 1836 元,,,1836,,
P028236,2025-04-09 10:29:16,register,提交投保申请,,,,,
P037886,2025-04-09 13:37:01,policy_issue,保单签发（健康险，保额 404339 元）,,,,,
P028236,2025-04-12 10:29:16,premium_pay,缴纳保费 2132 元,,,2132,,
P028236,2025-04-13 10:29:16,policy_issue,保单签发（家财险，保额 235796 元）,,,,,
P019677,2025-04-13 13:09:18,register,提交投保申请,,,,,
P019677,2025-04-18 13:09:18,policy_issue,保单签发（车险，保额 799040 元）,,,,,
P019677,2025-04-19 13:09:18,premium_pay,缴纳保费 6438 元,,,6438,,
P021740,2025-05-10 09:24:15,register,提交投保申请,,,,,
P021740,2025-05-13 09:24:15,premium_pay,缴纳保费 1043 元,,,1043,,
P004162,2025-05-14 03:36:01,register,投保申请（意外险）,,,,,
P004162,2025-05-16 03:36:01,premium_pay,缴纳保费,,,3117,,
P025015,2025-05-16 19:33:38,claim_report,出险报案（同组相近时间）,stage,evasive,,,1
P004162,2025-05-17 03:36:01,policy_issue,保单签发,,,,,
P021740,2025-05-17 09:24:15,policy_issue,保单签发（健康险，保额 243733 元）,,,,,
P094746,2025-05-20 07:34:48,register,投保申请（意外险/健康险）,premeditate,evasive,,,
P025015,2025-05-20 19:33:38,medical_visit,就诊治疗,collude,evasive,,仁心堂,
P094746,2025-05-22 07:34:48,premium_pay,缴纳保费,,,5419,,
P094746,2025-05-23 07:34:48,policy_issue,保单签发,,,,,
P094746,2025-05-29 07:34:48,claim_report,出险报案（第 1 次小额）,stage,evasive,,,
P025015,2025-05-30 19:33:38,claim_submit,提交理赔 10487 元（异地申报）,inflate,evasive,10487,,1
P018259,2025-06-01 09:31:10,register,提交投保申请,,,,,
P025015,2025-06-02 19:33:38,claim_pay,赔付 10487 元,cashout,evasive,10487,,
P094746,2025-06-03 07:34:48,claim_submit,提交理赔 826 元,inflate,evasive,826,,
P037607,2025-06-03 09:50:44,claim_report,出险报案（建设路口变道刮碰，对方全责）·第2次,stage,evasive,,,
P037607,2025-06-04 09:50:44,repair_visit,车辆定损维修（小额快赔）,stage,evasive,,通达维修站,
P094746,2025-06-07 07:34:48,claim_pay,赔付 826 元,cashout,evasive,826,,
P069083,2025-06-07 13:52:52,register,提交投保申请,,,,,
P018259,2025-06-08 09:31:10,premium_pay,缴纳保费 6340 元,,,6340,,
P069461,2025-06-08 14:00:20,register,提交投保申请,,,,,
P037607,2025-06-09 09:50:44,claim_submit,提交理赔：车衣损失 3362 元（虚报高价车衣）,inflate,evasive,3362,,
P069083,2025-06-09 13:52:52,premium_pay,缴纳保费 2993 元,,,2993,,
P037607,2025-06-11 09:50:44,claim_pay,快赔赔付 3362 元,cashout,evasive,3362,,
P035176,2025-06-11 12:43:59,claim_report,出险报案,,,,,
P035176,2025-06-11 12:43:59,medical_visit,就诊检查,,,,康泰医院,
P030059,2025-06-12 18:29:06,register,提交投保申请,,,,,
P018259,2025-06-13 09:31:10,policy_issue,保单签发（车险，保额 669681 元）,,,,,
P061832,2025-06-14 11:23:35,policy_change,变更受益人,,,,,
P069083,2025-06-16 13:52:52,policy_issue,保单签发（健康险，保额 521413 元）,,,,,
P069461,2025-06-16 14:00:20,policy_issue,保单签发（车险，保额 1100046 元）,,,,,
P030059,2025-06-16 18:29:06,policy_issue,保单签发（健康险，保额 688962 元）,,,,,
P069461,2025-06-17 14:00:20,premium_pay,缴纳保费 8792 元,,,8792,,
P030059,2025-06-21 18:29:06,premium_pay,缴纳保费 1577 元,,,1577,,
P051452,2025-06-23 07:00:21,register,提交投保申请,,,,,
P051452,2025-06-26 07:00:21,policy_issue,保单签发（健康险，保额 528847 元）,,,,,
P051452,2025-06-27 07:00:21,premium_pay,缴纳保费 2507 元,,,2507,,
P035176,2025-06-28 12:43:59,claim_submit,提交理赔材料,,,,,
P035176,2025-07-04 12:43:59,claim_pay,赔付 6739 元,,,6739,,
P059993,2025-07-09 08:40:13,register,提交投保申请,,,,,
P078203,2025-07-09 10:32:17,register,提交投保申请,,,,,
P059993,2025-07-11 08:40:13,premium_pay,缴纳保费 17397 元,,,17397,,
P034190,2025-07-11 09:39:12,policy_change,变更联系地址,,,,,
P008990,2025-07-13 09:30:13,register,提交投保申请,,,,,
P008990,2025-07-15 09:30:13,premium_pay,缴纳保费 5920 元,,,5920,,
P078203,2025-07-18 10:32:17,premium_pay,缴纳保费 1959 元,,,1959,,
P059993,2025-07-19 08:40:13,policy_issue,保单签发（寿险，保额 1894995 元）,,,,,
P078203,2025-07-23 10:32:17,policy_issue,保单签发（健康险，保额 387993 元）,,,,,
P008990,2025-07-28 09:30:13,policy_issue,保单签发（车险，保额 813394 元）,,,,,
P022487,2025-08-04 07:20:31,register,提交投保申请,,,,,
P094746,2025-08-04 07:34:48,claim_report,出险报案（第 2 次小额）,stage,evasive,,,
P022487,2025-08-08 07:20:31,premium_pay,缴纳保费 4176 元,,,4176,,
P022487,2025-08-10 07:20:31,policy_issue,保单签发（寿险，保额 1660299 元）,,,,,
P094746,2025-08-13 07:34:48,claim_submit,提交理赔 1652 元,inflate,evasive,1652,,
P094746,2025-08-16 07:34:48,claim_pay,赔付 1652 元,cashout,evasive,1652,,
P017202,2025-08-19 11:30:40,register,提交投保申请,,,,,
P017202,2025-08-21 11:30:40,premium_pay,缴纳保费 3020 元,,,3020,,
P017202,2025-08-22 11:30:40,policy_issue,保单签发（车险，保额 963268 元）,,,,,
P053080,2025-08-24 09:20:19,register,提交投保申请,,,,,
P053080,2025-08-27 09:20:19,policy_issue,保单签发（车险，保额 495165 元）,,,,,
P053080,2025-09-02 09:20:19,premium_pay,缴纳保费 6350 元,,,6350,,
P076694,2025-09-02 18:01:15,register,提交投保申请,,,,,
P019677,2025-09-07 07:53:29,claim_report,出险报案,,,,,
P019677,2025-09-09 07:53:29,repair_visit,车辆维修,,,,通达维修站,
P076694,2025-09-10 18:01:15,premium_pay,缴纳保费 957 元,,,957,,
P076694,2025-09-13 18:01:15,policy_issue,保单签发（健康险，保额 199523 元）,,,,,
P086297,2025-09-14 14:13:47,register,提交投保申请,,,,,
P086297,2025-09-17 14:13:47,policy_issue,保单签发（健康险，保额 420103 元）,,,,,
P019677,2025-09-18 07:53:29,claim_pay,赔付 2359 元,,,2359,,
P086297,2025-09-20 14:13:47,premium_pay,缴纳保费 4049 元,,,4049,,
P019677,2025-09-21 07:53:29,claim_submit,提交理赔材料,,,,,
P015581,2025-09-21 17:21:13,register,提交投保申请,,,,,
P023482,2025-09-22 01:45:41,register,提交投保申请,,,,,
P023482,2025-09-24 01:45:41,policy_issue,保单签发（寿险，保额 955017 元）,,,,,
P015581,2025-09-24 17:21:13,premium_pay,缴纳保费 2041 元,,,2041,,
P023482,2025-09-29 01:45:41,premium_pay,缴纳保费 11296 元,,,11296,,
P011643,2025-10-01 11:31:23,claim_report,出险报案,,,,,
P011643,2025-10-01 11:31:23,repair_visit,车辆维修,,,,瑞丰汽修,
P092502,2025-10-02 11:13:25,register,提交投保申请,,,,,
P015581,2025-10-02 17:21:13,policy_issue,保单签发（家财险，保额 461349 元）,,,,,
P086628,2025-10-03 10:30:40,register,提交投保申请,,,,,
P075421,2025-10-04 08:28:04,claim_report,出险报案,,,,,
P075421,2025-10-04 08:28:04,medical_visit,就诊检查,,,,仁和医院,
P011643,2025-10-04 11:31:23,claim_submit,提交理赔材料,,,,,
P092502,2025-10-07 11:13:25,policy_issue,保单签发（车险，保额 1495393 元）,,,,,
P084766,2025-10-08 09:27:53,register,提交投保申请,,,,,
P092502,2025-10-08 11:13:25,premium_pay,缴纳保费 6288 元,,,6288,,
P089294,2025-10-10 16:05:09,register,提交投保申请,,,,,
P084766,2025-10-11 09:27:53,policy_issue,保单签发（车险，保额 791926 元）,,,,,
P011643,2025-10-11 11:31:23,survey,现场查勘,,,,公估员-张,
P089294,2025-10-11 16:05:09,premium_pay,缴纳保费 8118 元,,,8118,,
P075421,2025-10-12 08:28:04,survey,现场查勘,,,,公估员-王,
P086628,2025-10-12 10:30:40,premium_pay,缴纳保费 1655 元,,,1655,,
P086628,2025-10-12 10:30:40,policy_issue,保单签发（健康险，保额 155798 元）,,,,,
P037633,2025-10-12 18:48:11,claim_report,出险报案,,,,,
P078678,2025-10-13 13:06:21,register,提交投保申请,,,,,
P084766,2025-10-14 09:27:53,premium_pay,缴纳保费 2535 元,,,2535,,
P042401,2025-10-15 16:42:47,claim_report,出险报案,,,,,
P037633,2025-10-15 18:48:11,medical_visit,就诊检查,,,,康泰医院,
P015117,2025-10-16 11:43:08,register,提交投保申请,,,,,
P078678,2025-10-17 13:06:21,premium_pay,缴纳保费 2017 元,,,2017,,
P078678,2025-10-17 13:06:21,policy_issue,保单签发（家财险，保额 401307 元）,,,,,
P064202,2025-10-18 13:18:32,policy_change,变更受益人,,,,,
P033995,2025-10-18 17:55:03,register,提交投保申请,,,,,
P075421,2025-10-19 08:28:04,claim_submit,提交理赔材料,,,,,
P033995,2025-10-22 17:55:03,premium_pay,缴纳保费 5784 元,,,5784,,
P042401,2025-10-23 16:42:47,claim_pay,赔付 3844 元,,,3844,,
P075421,2025-10-24 08:28:04,claim_pay,赔付 16286 元,,,16286,,
P015117,2025-10-24 11:43:08,premium_pay,缴纳保费 836 元,,,836,,
P089294,2025-10-25 16:05:09,policy_issue,保单签发（车险，保额 1115954 元）,,,,,
P042401,2025-10-26 16:42:47,survey,现场查勘,,,,公估员-陈,
P033995,2025-10-26 17:55:03,policy_issue,保单签发（寿险，保额 985311 元）,,,,,
P037633,2025-10-26 18:48:11,claim_submit,提交理赔材料,,,,,
P037633,2025-10-26 18:48:11,survey,现场查勘,,,,公估员-赵,
P011643,2025-10-28 11:31:23,claim_pay,赔付 15942 元,,,15942,,
P072201,2025-10-28 14:55:42,register,提交投保申请,,,,,
P042401,2025-10-29 16:42:47,claim_submit,提交理赔材料,,,,,
P037633,2025-10-30 18:48:11,claim_pay,赔付 1885 元,,,1885,,
P015117,2025-10-31 11:43:08,policy_issue,保单签发（健康险，保额 381533 元）,,,,,
P021740,2025-11-02 08:07:29,claim_report,出险报案（延迟 12 天）,,,,,
P072201,2025-11-03 14:55:42,premium_pay,缴纳保费 2894 元,,,2894,,
P075042,2025-11-03 16:58:23,register,提交投保申请,,,,,
P072201,2025-11-08 14:55:42,policy_issue,保单签发（健康险，保额 712423 元）,,,,,
P071180,2025-11-09 11:35:58,register,提交投保申请,,,,,
P075042,2025-11-10 16:58:23,premium_pay,缴纳保费 847 元,,,847,,
P071180,2025-11-13 11:35:58,premium_pay,缴纳保费 1309 元,,,1309,,
P025015,2025-11-13 19:44:01,claim_report,出险报案（同组相近时间）,stage,evasive,,,
P075042,2025-11-15 16:58:23,policy_issue,保单签发（家财险，保额 484208 元）,,,,,
P025015,2025-11-15 19:44:01,repair_visit,车辆维修,collude,evasive,,仁心堂,
P011643,2025-11-20 16:38:27,claim_report,出险报案（门诊费用/意外受伤）,stage,obvious,,,
P062311,2025-11-22 14:59:34,register,提交投保申请,,,,,
P071180,2025-11-24 11:35:58,policy_issue,保单签发（家财险，保额 262855 元）,,,,,
P025015,2025-11-25 19:44:01,claim_submit,提交理赔 10451 元（异地申报）,inflate,evasive,10451,,
P021740,2025-11-26 08:07:29,claim_submit,提交理赔材料（延迟补充）,,,,,
P011643,2025-11-26 16:38:27,invoice_verify_fail,发票验真失败（发票号在税务平台查无）,fabricate,obvious,,,
P062311,2025-11-27 14:59:34,premium_pay,缴纳保费 9726 元,,,9726,,
P011643,2025-11-29 16:38:27,claim_submit,提交发票 20000 元（伪造单据）,fabricate,obvious,20000,,
P062311,2025-11-30 14:59:34,policy_issue,保单签发（寿险，保额 1179433 元）,,,,,
P025015,2025-12-01 19:44:01,claim_pay,赔付 10451 元,cashout,evasive,10451,,
P011643,2025-12-10 16:38:27,claim_reject,因发票验真失败拒赔,cover,obvious,,,
P054702,2025-12-14 15:08:13,register,提交投保申请,,,,,
P054702,2025-12-24 15:08:13,premium_pay,缴纳保费 644 元,,,644,,
P097036,2025-12-25 17:41:02,register,提交投保申请,,,,,
P028550,2025-12-25 18:57:08,register,提交投保申请,,,,,
P097036,2025-12-27 17:41:02,premium_pay,缴纳保费 5505 元,,,5505,,
P054702,2025-12-29 15:08:13,policy_issue,保单签发（意外险，保额 519252 元）,,,,,
P028550,2025-12-29 18:57:08,premium_pay,缴纳保费 6617 元,,,6617,,
P028550,2025-12-29 18:57:08,policy_issue,保单签发（车险，保额 687993 元）,,,,,
P004162,2026-01-05 03:36:01,claim_report,出险报案（意外受伤）,stage,evasive,,,
P001619,2026-01-05 10:44:21,premium_renew,续缴保费,,,17093,,
P097036,2026-01-09 17:41:02,policy_issue,保单签发（车险，保额 655260 元）,,,,,
P021740,2026-01-10 15:57:21,claim_report,出险报案,,,,,
P021740,2026-01-11 15:57:21,medical_visit,就诊检查,,,,康泰医院,
P086628,2026-01-12 22:46:00,claim_report,出险报案,,,,,
P004162,2026-01-13 03:36:01,survey,查勘记录（伪造现场照片）,fabricate,evasive,,公估员-张,
P086628,2026-01-13 22:46:00,medical_visit,就诊检查,,,,康泰医院,
P004162,2026-01-14 03:36:01,claim_submit,提交理赔（虚构伤情）,fabricate,evasive,53160,,
P021740,2026-01-16 20:40:45,premium_renew,续缴保费,,,1043,,
P022744,2026-01-18 17:08:59,register,提交投保申请,,,,,
P054702,2026-01-19 18:34:04,claim_report,出险报案,,,,,
P060173,2026-01-21 14:37:51,register,提交投保申请,,,,,
P053080,2026-01-21 15:49:12,policy_change,变更联系地址,,,,,
P054702,2026-01-22 18:34:04,medical_visit,就诊检查,,,,仁心堂,
P004162,2026-01-23 03:36:01,claim_pay,赔付 53160 元,cashout,evasive,53160,,
P021740,2026-01-24 15:57:21,claim_submit,提交理赔材料,,,,,
P060173,2026-01-25 14:37:51,premium_pay,缴纳保费 3454 元,,,3454,,
P021740,2026-01-26 15:57:21,claim_pay,赔付 16379 元,,,16379,,
P022744,2026-01-27 17:08:59,premium_pay,缴纳保费 4922 元,,,4922,,
P060173,2026-01-28 14:37:51,policy_issue,保单签发（健康险，保额 511460 元）,,,,,
P060036,2026-01-28 18:10:24,premium_renew,续缴保费,,,4578,,
P086628,2026-01-28 22:46:00,claim_submit,提交理赔材料,,,,,
P086628,2026-01-28 22:46:00,claim_pay,赔付 10051 元,,,10051,,
P022744,2026-01-31 17:08:59,policy_issue,保单签发（车险，保额 1096158 元）,,,,,
P078203,2026-02-01 10:37:23,claim_report,出险报案,,,,,
P054702,2026-02-01 18:34:04,claim_submit,提交理赔材料,,,,,
P078203,2026-02-02 10:37:23,medical_visit,就诊检查,,,,康泰医院,
P054702,2026-02-02 18:34:04,claim_pay,赔付 4334 元,,,4334,,
P072198,2026-02-02 19:31:32,register,提交投保申请,,,,,
P072198,2026-02-03 19:31:32,premium_pay,缴纳保费 6745 元,,,6745,,
P072198,2026-02-05 19:31:32,policy_issue,保单签发（车险，保额 1424914 元）,,,,,
P064528,2026-02-07 14:08:40,register,提交投保申请,,,,,
P075421,2026-02-07 14:47:51,register,提交投保申请,,,,,
P061832,2026-02-08 07:04:43,premium_renew,续缴保费,,,3517,,
P078203,2026-02-08 10:37:23,survey,现场查勘,,,,公估员-赵,
P064528,2026-02-08 14:08:40,premium_pay,缴纳保费 8790 元,,,8790,,
P009791,2026-02-08 15:12:44,premium_renew,续缴保费,,,16214,,
P018259,2026-02-11 07:04:40,claim_report,出险报案,,,,,
P092502,2026-02-11 09:02:02,claim_report,出险报案（延迟 12 天）,,,,,
P034190,2026-02-12 18:52:10,claim_report,出险报案,,,,,
P075421,2026-02-13 14:47:51,policy_issue,保单签发（健康险，保额 553386 元）,,,,,
P043699,2026-02-13 17:45:38,premium_renew,续缴保费,,,8083,,
P018259,2026-02-16 07:04:40,repair_visit,车辆维修,,,,通达维修站,
P075421,2026-02-17 14:47:51,premium_pay,缴纳保费 2010 元,,,2010,,
P034190,2026-02-18 18:52:10,claim_submit,提交理赔材料,,,,,
P078203,2026-02-19 10:37:23,claim_submit,提交理赔材料,,,,,
P041695,2026-02-20 13:55:03,claim_report,出险报案,,,,,
P064528,2026-02-20 14:08:40,policy_issue,保单签发（车险，保额 1340764 元）,,,,,
P008990,2026-02-20 18:05:54,premium_renew,续缴保费,,,5920,,
P018259,2026-02-21 07:04:40,claim_submit,提交理赔材料,,,,,
P008197,2026-02-21 12:10:14,premium_renew,续缴保费,,,2791,,
P028550,2026-02-21 19:44:26,premium_renew,续缴保费,,,6617,,
P000460,2026-02-24 12:30:57,register,提交投保申请,,,,,
P041695,2026-02-24 13:55:03,repair_visit,车辆维修,,,,通达维修站,
P000460,2026-02-25 12:30:57,premium_pay,缴纳保费 1218 元,,,1218,,
P041695,2026-02-25 13:55:03,claim_submit,提交理赔材料,,,,,
P092502,2026-02-27 09:02:02,claim_submit,提交理赔材料（延迟补充）,,,,,
P078203,2026-02-27 10:37:23,claim_pay,赔付 8066 元,,,8066,,
P041695,2026-02-27 13:55:03,survey,现场查勘,,,,公估员-王,
P000460,2026-02-28 12:30:57,policy_issue,保单签发（家财险，保额 489238 元）,,,,,
P078678,2026-03-02 13:44:20,claim_report,出险报案,,,,,
P089294,2026-03-04 18:50:23,premium_renew,续缴保费,,,8118,,
P034190,2026-03-06 18:52:10,claim_pay,赔付 5583 元,,,5583,,
P041695,2026-03-07 13:55:03,claim_pay,赔付 5024 元,,,5024,,
P022487,2026-03-11 08:52:30,premium_renew,续缴保费,,,4176,,
P018259,2026-03-12 07:04:40,claim_pay,赔付 3234 元,,,3234,,
P073605,2026-03-12 14:51:55,register,提交投保申请,,,,,
P078678,2026-03-15 13:44:20,claim_submit,提交理赔材料,,,,,
P073605,2026-03-15 14:51:55,premium_pay,缴纳保费 1973 元,,,1973,,
P084839,2026-03-20 05:50:53,premium_renew,续缴保费,,,18607,,
P073605,2026-03-20 14:51:55,policy_issue,保单签发（健康险，保额 423630 元）,,,,,
P097036,2026-03-22 13:53:18,premium_renew,续缴保费,,,5505,,
P071180,2026-03-24 07:51:09,premium_renew,续缴保费,,,1309,,
P078678,2026-03-25 13:44:20,claim_pay,赔付 14352 元,,,14352,,
P064202,2026-03-28 13:57:06,premium_renew,续缴保费,,,4770,,
P041695,2026-03-28 19:47:23,register,提交投保申请,,,,,
P041695,2026-04-01 19:47:23,premium_pay,缴纳保费 4206 元,,,4206,,
P022744,2026-04-09 15:42:17,policy_change,变更联系地址,,,,,
P041695,2026-04-09 19:47:23,policy_issue,保单签发（车险，保额 761704 元）,,,,,
P053150,2026-04-11 08:49:36,premium_renew,续缴保费,,,3241,,
P078678,2026-04-13 12:36:58,premium_renew,续缴保费,,,2017,,
P070164,2026-04-13 14:02:08,policy_change,调整保额,,,,,
P094746,2026-04-20 19:08:29,premium_renew,续缴保费,,,5419,,
P060036,2026-04-21 11:39:15,claim_report,出险报案,,,,,
P011643,2026-04-21 12:43:52,policy_change,变更受益人,,,,,
P075245,2026-04-23 07:48:11,claim_report,出险报案（延迟 12 天）,,,,,
P016289,2026-04-23 10:25:30,register,提交投保申请,,,,,
P060036,2026-04-24 11:39:15,repair_visit,车辆维修,,,,安捷修理厂,
P016289,2026-04-25 10:25:30,premium_pay,缴纳保费 943 元,,,943,,
P015581,2026-04-26 09:19:01,policy_change,变更联系地址,,,,,
P025015,2026-04-27 19:39:28,claim_report,出险报案（同组相近时间）,stage,evasive,,,
P016289,2026-04-28 10:25:30,policy_issue,保单签发（意外险，保额 626589 元）,,,,,
P060036,2026-04-28 11:39:15,survey,现场查勘,,,,公估员-刘,
P025015,2026-04-28 19:39:28,repair_visit,车辆维修,collude,evasive,,仁心堂,
P060036,2026-05-02 11:39:15,claim_submit,提交理赔材料,,,,,
P025015,2026-05-04 19:39:28,claim_submit,提交理赔 10667 元（异地申报）,inflate,evasive,10667,,1
P060036,2026-05-05 11:39:15,claim_pay,赔付 2106 元,,,2106,,
P015581,2026-05-08 16:29:20,premium_renew,续缴保费,,,2041,,
P037393,2026-05-08 16:52:26,premium_renew,续缴保费,,,8667,,
P051452,2026-05-09 23:36:59,premium_renew,续缴保费,,,2507,,
P051452,2026-05-12 14:13:49,claim_report,出险报案（延迟 12 天）,,,,,
P075245,2026-05-13 07:48:11,claim_reject,材料不全被退回,,,,,
P075245,2026-05-16 07:48:11,claim_submit,提交理赔材料（延迟补充）,,,,,
P025015,2026-05-16 19:39:28,claim_pay,赔付 10667 元,cashout,evasive,10667,,
P072201,2026-05-24 13:45:27,premium_renew,续缴保费,,,2894,,
P028236,2026-05-25 08:24:00,premium_renew,续缴保费,,,2132,,
P054252,2026-05-25 13:20:06,premium_renew,续缴保费,,,6815,,
P011643,2026-05-27 06:10:40,premium_renew,续缴保费,,,2789,,
P096829,2026-06-03 07:31:41,claim_report,出险报案,,,,,
P096829,2026-06-03 07:31:41,repair_visit,车辆维修,,,,瑞丰汽修,
P048335,2026-06-03 19:24:04,premium_renew,续缴保费,,,5639,,
P051452,2026-06-04 14:13:49,claim_submit,提交理赔材料（延迟补充）,,,,,
P019677,2026-06-04 17:24:24,premium_renew,续缴保费,,,6438,,
P004162,2026-06-05 12:57:50,register,提交投保申请,,,,,
P096829,2026-06-09 07:31:41,claim_submit,提交理赔材料,,,,,
P035176,2026-06-09 10:40:16,premium_renew,续缴保费,,,583,,
P017874,2026-06-10 08:35:56,premium_renew,续缴保费,,,1452,,
P080697,2026-06-14 08:29:31,premium_renew,续缴保费,,,2393,,
P004162,2026-06-14 12:57:50,premium_pay,缴纳保费 3117 元,,,3117,,
P096829,2026-06-15 09:57:25,claim_report,出险报案（延迟 12 天）,,,,,
P004162,2026-06-15 12:57:50,policy_issue,保单签发（车险，保额 987556 元）,,,,,
P078678,2026-06-15 13:01:33,claim_report,出险报案,,,,,
P078678,2026-06-20 13:01:33,claim_submit,提交理赔材料,,,,,
P012907,2026-06-22 19:34:50,premium_renew,续缴保费,,,805,,
P075764,2026-06-24 10:58:19,register,提交投保申请,,,,,
P084766,2026-06-26 13:09:29,policy_change,变更联系地址,,,,,
P078678,2026-06-27 13:01:33,claim_pay,赔付 8441 元,,,8441,,
P075764,2026-06-28 10:58:19,policy_issue,保单签发（健康险，保额 487408 元）,,,,,
P096829,2026-06-30 07:31:41,claim_pay,赔付 2799 元,,,2799,,
P075764,2026-07-02 10:58:19,premium_pay,缴纳保费 2170 元,,,2170,,
P060036,2026-07-07 15:34:45,claim_report,出险报案,,,,,
P060036,2026-07-08 15:34:45,repair_visit,车辆维修,,,,恒通修理厂,
P096829,2026-07-09 09:57:25,claim_submit,提交理赔材料（延迟补充）,,,,,
P002743,2026-07-13 10:20:18,register,提交投保申请,,,,,
P037633,2026-07-14 09:35:57,premium_renew,续缴保费,,,4887,,
P002743,2026-07-14 10:20:18,premium_pay,缴纳保费 7337 元,,,7337,,
P086297,2026-07-17 16:00:46,claim_report,出险报案,,,,,
P086297,2026-07-17 16:00:46,medical_visit,就诊检查,,,,康泰医院,
P002743,2026-07-20 10:20:18,policy_issue,保单签发（车险，保额 839513 元）,,,,,
P060036,2026-07-21 15:34:45,claim_pay,赔付 10327 元,,,10327,,
P086297,2026-07-22 16:00:46,claim_submit,提交理赔材料,,,,,
P067591,2026-07-23 11:14:09,premium_renew,续缴保费,,,1915,,
P060036,2026-07-23 15:34:45,claim_submit,提交理赔材料,,,,,
P076364,2026-08-01 11:26:18,register,提交投保申请,,,,,
P086297,2026-08-01 16:00:46,survey,现场查勘,,,,公估员-刘,
P075764,2026-08-02 11:12:05,claim_report,出险报案,,,,,
P076364,2026-08-02 11:26:18,premium_pay,缴纳保费 5869 元,,,5869,,
P091229,2026-08-02 12:05:56,register,提交投保申请,,,,,
P031135,2026-08-03 11:00:23,register,提交投保申请,,,,,
P075764,2026-08-05 11:12:05,medical_visit,就诊检查,,,,惠民门诊,
P018259,2026-08-06 07:29:05,premium_renew,续缴保费,,,6340,,
P091229,2026-08-06 12:05:56,premium_pay,缴纳保费 6686 元,,,6686,,
P091229,2026-08-06 12:05:56,policy_issue,保单签发（车险，保额 334923 元）,,,,,
P018259,2026-08-06 16:43:45,claim_report,出险报案,,,,,
P031135,2026-08-07 11:00:23,policy_issue,保单签发（寿险，保额 1844421 元）,,,,,
P018259,2026-08-08 16:43:45,repair_visit,车辆维修,,,,联合汽修,
P078678,2026-08-09 10:44:02,claim_report,出险报案,,,,,
P031135,2026-08-10 11:00:23,premium_pay,缴纳保费 15050 元,,,15050,,
P075764,2026-08-10 11:12:05,claim_pay,赔付 12073 元,,,12073,,
P037393,2026-08-11 07:39:31,policy_change,变更受益人,,,,,
P086297,2026-08-12 16:00:46,claim_pay,赔付 4846 元,,,4846,,
P076364,2026-08-15 11:26:18,policy_issue,保单签发（车险，保额 1039436 元）,,,,,
P000080,2026-08-15 12:15:54,premium_renew,续缴保费,,,3323,,
P018259,2026-08-16 16:43:45,claim_pay,赔付 9669 元,,,9669,,
P075764,2026-08-18 11:12:05,claim_submit,提交理赔材料,,,,,
P018259,2026-08-18 16:43:45,survey,现场查勘,,,,公估员-陈,
P018259,2026-08-19 16:43:45,claim_submit,提交理赔材料,,,,,
P078678,2026-08-24 10:44:02,claim_pay,赔付 17021 元,,,17021,,
P048335,2026-08-24 21:01:59,policy_change,变更联系地址,,,,,
P078678,2026-08-25 10:44:02,claim_submit,提交理赔材料,,,,,
P076707,2026-08-27 16:34:40,premium_renew,续缴保费,,,2159,,
P086297,2026-08-28 14:10:28,premium_renew,续缴保费,,,4049,,
P034190,2026-09-01 06:03:57,premium_renew,续缴保费,,,12375,,
P041695,2026-09-11 08:34:40,claim_report,出险报案,,,,,
P059993,2026-09-11 13:29:46,claim_report,出险报案（真实事故）,,,,,
P069461,2026-09-11 17:13:13,premium_renew,续缴保费,,,8792,,
P041695,2026-09-12 08:34:40,repair_visit,车辆维修,,,,通达维修站,
P096829,2026-09-14 05:34:34,register,提交投保申请,,,,,
P011166,2026-09-14 09:38:29,register,提交投保申请,,,,,
P044306,2026-09-15 08:41:53,register,提交投保申请,,,,,
P059993,2026-09-15 13:29:46,repair_visit,车辆维修定损,collude,obvious,,联合汽修,
P098201,2026-09-15 18:04:24,premium_renew,续缴保费,,,4757,,
P096829,2026-09-16 05:34:34,policy_issue,保单签发（车险，保额 580133 元）,,,,,
P096829,2026-09-17 05:34:34,premium_pay,缴纳保费 6305 元,,,6305,,
P044306,2026-09-17 08:41:53,policy_issue,保单签发（意外险，保额 667859 元）,,,,,
P059993,2026-09-18 13:29:46,claim_submit,提交维修单 17674 元（定损金额虚高，实际约 5318）,inflate,obvious,17674,,
P011166,2026-09-20 09:38:29,policy_issue,保单签发（车险，保额 1485495 元）,,,,,
P051452,2026-09-20 11:27:48,policy_change,变更联系地址,,,,,
P011166,2026-09-21 09:38:29,premium_pay,缴纳保费 2724 元,,,2724,,
P076694,2026-09-21 15:05:33,policy_change,调整保额,,,,,
P041695,2026-09-23 08:34:40,claim_submit,提交理赔材料,,,,,
P059993,2026-09-23 13:29:46,invoice_verify_fail,定损审核异常（维修项目与事故伤情不符）,collude,obvious,,,
P041695,2026-09-25 08:34:40,claim_pay,赔付 3456 元,,,3456,,
P044306,2026-09-25 08:41:53,premium_pay,缴纳保费 737 元,,,737,,
P022969,2026-09-25 16:35:49,register,提交投保申请,,,,,
P030059,2026-09-27 15:15:37,premium_renew,续缴保费,,,1577,,
P076694,2026-09-28 09:08:32,premium_renew,续缴保费,,,957,,
P059993,2026-09-28 13:29:46,claim_pay,赔付 17674 元,cashout,obvious,17674,,
P093907,2026-10-01 05:45:52,premium_renew,续缴保费,,,1004,,
P035176,2026-10-03 08:43:11,policy_change,调整保额,,,,,
P054702,2026-10-03 17:59:04,premium_renew,续缴保费,,,644,,
P022969,2026-10-04 16:35:49,premium_pay,缴纳保费 898 元,,,898,,
P015859,2026-10-06 13:10:56,register,提交投保申请,,,,,
P096829,2026-10-07 09:50:28,claim_report,出险报案,,,,,
P096829,2026-10-07 09:50:28,repair_visit,车辆维修,,,,联合汽修,
P022969,2026-10-10 16:35:49,policy_issue,保单签发（健康险，保额 168263 元）,,,,,
P096829,2026-10-12 09:50:28,claim_submit,提交理赔材料,,,,,
P015859,2026-10-14 13:10:56,policy_issue,保单签发（家财险，保额 377455 元）,,,,,
P015859,2026-10-15 13:10:56,premium_pay,缴纳保费 655 元,,,655,,
P046067,2026-10-15 17:34:00,register,提交投保申请,,,,,
P092502,2026-10-15 18:59:11,claim_report,出险报案,,,,,
P096829,2026-10-16 09:50:28,claim_pay,赔付 10301 元,,,10301,,
P072201,2026-10-16 17:38:40,claim_report,出险报案,,,,,
P017874,2026-10-19 15:28:13,claim_report,出险报案,,,,,
P072201,2026-10-19 17:38:40,medical_visit,就诊检查,,,,博爱医院,
P021740,2026-10-20 02:51:15,claim_report,出险报案,,,,,
P021740,2026-10-20 02:51:15,medical_visit,就诊检查,,,,惠民门诊,
P075764,2026-10-20 08:16:28,claim_report,出险报案（延迟 12 天）,,,,,
P092502,2026-10-20 18:59:11,repair_visit,车辆维修,,,,安捷修理厂,
P085206,2026-10-21 09:23:20,premium_renew,续缴保费,,,4402,,
P051586,2026-10-21 11:31:26,register,提交投保申请,,,,,
P046067,2026-10-21 17:34:00,premium_pay,缴纳保费 5597 元,,,5597,,
P075245,2026-10-23 08:43:25,premium_renew,续缴保费,,,17574,,
P017874,2026-10-23 15:28:13,claim_submit,提交理赔材料,,,,,
P092502,2026-10-23 18:59:11,claim_submit,提交理赔材料,,,,,
P051586,2026-10-24 11:31:26,policy_issue,保单签发（家财险，保额 249264 元）,,,,,
P092502,2026-10-25 18:59:11,claim_pay,赔付 16218 元,,,16218,,
P096859,2026-10-26 16:28:27,register,提交投保申请,,,,,
P096859,2026-10-28 16:28:27,policy_issue,保单签发（寿险，保额 1337986 元）,,,,,
P046067,2026-10-28 17:34:00,policy_issue,保单签发（车险，保额 1137169 元）,,,,,
P096859,2026-10-29 16:28:27,premium_pay,缴纳保费 14125 元,,,14125,,
P051586,2026-10-30 11:31:26,premium_pay,缴纳保费 982 元,,,982,,
P017874,2026-10-31 15:28:13,claim_pay,赔付 2234 元,,,2234,,
P072201,2026-11-01 17:38:40,claim_pay,赔付 1100 元,,,1100,,
P072201,2026-11-02 17:38:40,claim_submit,提交理赔材料,,,,,
P025015,2026-11-04 06:51:03,premium_renew,续缴保费,,,4225,,
P021740,2026-11-07 02:51:15,claim_submit,提交理赔材料,,,,,
P021740,2026-11-11 02:51:15,claim_pay,赔付 18468 元,,,18468,,
P072458,2026-11-12 18:48:40,premium_renew,续缴保费,,,455,,
P086628,2026-11-12 20:55:45,premium_renew,续缴保费,,,1655,,
P075764,2026-11-14 08:16:28,claim_submit,提交理赔材料（延迟补充）,,,,,
P021741,2026-11-18 18:55:40,premium_renew,续缴保费,,,4903,,
P056730,2026-11-19 19:35:19,premium_renew,续缴保费,,,845,,
P075764,2026-11-21 08:16:28,claim_reject,材料不全被退回,,,,,
P059993,2026-11-26 08:29:12,premium_renew,续缴保费,,,17397,,
P025390,2026-11-26 09:17:12,premium_renew,续缴保费,,,2972,,
P012149,2026-12-01 09:48:47,premium_renew,续缴保费,,,9107,,
P084766,2026-12-05 11:57:05,premium_renew,续缴保费,,,2535,,
P053080,2026-12-07 01:15:07,premium_renew,续缴保费,,,6350,,
P070164,2026-12-11 16:36:21,register,提交投保申请,,,,,
P023482,2026-12-14 08:30:17,premium_renew,续缴保费,,,11296,,
P070164,2026-12-17 16:36:21,premium_pay,缴纳保费 5794 元,,,5794,,
P035679,2026-12-19 10:05:21,register,提交投保申请,,,,,
P070164,2026-12-21 16:36:21,policy_issue,保单签发（健康险，保额 775249 元）,,,,,
P025015,2026-12-21 19:23:27,claim_report,出险报案（同组相近时间）,stage,evasive,,,1
P033995,2026-12-22 17:11:51,policy_change,调整保额,,,,,
P025015,2026-12-22 19:23:27,repair_visit,车辆维修,collude,evasive,,仁心堂,
P035679,2026-12-24 10:05:21,policy_issue,保单签发（意外险，保额 736210 元）,,,,,
P035679,2026-12-27 10:05:21,premium_pay,缴纳保费 315 元,,,315,,
P015117,2026-12-27 11:07:36,premium_renew,续缴保费,,,836,,
P025015,2026-12-31 19:23:27,claim_pay,赔付 12192 元,cashout,evasive,12192,,
P025015,2027-01-04 19:23:27,claim_submit,提交理赔 12192 元（异地申报）,inflate,evasive,12192,,1
